{
  "lambda-basic-execution": {
    "policy_content": {
      "Statement": [
        {
          "Action": [
            "logs:CreateLogGroup",
            "logs:CreateLogStream",
            "logs:PutLogEvents",
            "dynamodb:GetItem",
            "dynamodb:Query",
            "dynamodb:PutItem",
            "dynamodb:Batch*",
            "dynamodb:DeleteItem",
            "ssm:PutParameter",
            "ssm:GetParameter",
            "kms:Decrypt",
            "s3:PutObject"
          ],
          "Effect": "Allow",
          "Resource": "*"
        }
      ],
      "Version": "2012-10-17"
    },
    "resource_type": "iam_policy",
    "tags": {}
  },
  "uuid_trigger": {
    "resource_type": "cloudwatch_rule",
    "rule_type": "schedule",
    "tags": {},
    "expression": "rate(1 minute)"
  },
  "${target_bucket}": {
    "resource_type": "s3_bucket",
    "acl": "private",
    "cors": [],
    "policy": {},
    "public_access_block": {
      "block_public_acls": true,
      "ignore_public_acls": true,
      "block_public_policy": true,
      "restrict_public_buckets": true
    },
    "tags": {}
  },
  "uuid_generator-role": {
    "predefined_policies": [],
    "principal_service": "lambda",
    "custom_policies": [
      "lambda-basic-execution"
    ],
    "resource_type": "iam_role",
    "tags": {}
  }
}